app_name,publisher,platform,rank_position,category,rating,review_count,pricing_type,iap_present,subscription_present,core_features,retention_mechanics,personalization_tags,source_url,collected_at,source_kind
"com.spark.sparkApp","","android","","","","","","","","","","","https://play.google.com/store/apps/details?id=com.spark.sparkApp","2026-05-21T13:49:40.031Z","google_play"
"com.lifecoachhub.app","","android","","","","","","","","","","","https://play.google.com/store/apps/details?id=com.lifecoachhub.app","2026-05-21T13:49:40.031Z","google_play"
"com.mobizion.coach","","android","","","","","","","","","","","https://play.google.com/store/apps/details?id=com.mobizion.coach","2026-05-21T13:49:40.031Z","google_play"
"au.thelifecoachingcollege.tlcc","","android","","","","","","","","","","","https://play.google.com/store/apps/details?id=au.thelifecoachingcollege.tlcc","2026-05-21T13:49:40.031Z","google_play"
"com.bemylifecoach.userapp","","android","","","","","","","","","","","https://play.google.com/store/apps/details?id=com.bemylifecoach.userapp","2026-05-21T13:49:40.031Z","google_play"
"com.way4app.successwizard","","android","","","","","","","","","","","https://play.google.com/store/apps/details?id=com.way4app.successwizard","2026-05-21T13:49:40.031Z","google_play"
"air.com.intuitivelifecoachingwithkelly.coaching","","android","","","","","","","","","","","https://play.google.com/store/apps/details?id=air.com.intuitivelifecoachingwithkelly.coaching","2026-05-21T13:49:40.031Z","google_play"
"com.coachbit.mobile","","android","","","","","","","","","","","https://play.google.com/store/apps/details?id=com.coachbit.mobile","2026-05-21T13:49:40.031Z","google_play"
"com.edufii","","android","","","","","","","","","","","https://play.google.com/store/apps/details?id=com.edufii","2026-05-21T13:49:40.031Z","google_play"
"com.bsport_721__5713","","android","","","","","","","","","","","https://play.google.com/store/apps/details?id=com.bsport_721__5713","2026-05-21T13:49:40.031Z","google_play"
"com.app.selfpause","","android","","","","","","","","","","","https://play.google.com/store/apps/details?id=com.app.selfpause","2026-05-21T13:49:40.031Z","google_play"
"com.coachforlife.courses","","android","","","","","","","","","","","https://play.google.com/store/apps/details?id=com.coachforlife.courses","2026-05-21T13:49:40.031Z","google_play"
"com.hapday.healthy.solutions.hapday","","android","","","","","","","","","","","https://play.google.com/store/apps/details?id=com.hapday.healthy.solutions.hapday","2026-05-21T13:49:40.031Z","google_play"
"app.clarivia.coaching_log","","android","","","","","","","","","","","https://play.google.com/store/apps/details?id=app.clarivia.coaching_log","2026-05-21T13:49:40.031Z","google_play"
"com.vamapps.thecoach","","android","","","","","","","","","","","https://play.google.com/store/apps/details?id=com.vamapps.thecoach","2026-05-21T13:49:40.031Z","google_play"
"com.pozopic4nmlm.p2h0n4pq2app","","android","","","","","","","","","","","https://play.google.com/store/apps/details?id=com.pozopic4nmlm.p2h0n4pq2app","2026-05-21T13:49:40.031Z","google_play"
"com.trainerize.weddyshreddy1","","android","","","","","","","","","","","https://play.google.com/store/apps/details?id=com.trainerize.weddyshreddy1","2026-05-21T13:49:40.031Z","google_play"
"com.turskyi.lifecoach","","android","","","","","","","","","","","https://play.google.com/store/apps/details?id=com.turskyi.lifecoach","2026-05-21T13:49:40.031Z","google_play"
"com.slftok.sixthousandthoughts","","android","","","","","","","","","","","https://play.google.com/store/apps/details?id=com.slftok.sixthousandthoughts","2026-05-21T13:49:40.031Z","google_play"
"com.habit.development.ReadyApp","","android","","","","","","","","","","","https://play.google.com/store/apps/details?id=com.habit.development.ReadyApp","2026-05-21T13:49:40.031Z","google_play"
"az.tribe.lifeplanner","","android","","","","","","","","","","","https://play.google.com/store/apps/details?id=az.tribe.lifeplanner","2026-05-21T13:49:40.031Z","google_play"
"com.elcoach.me","","android","","","","","","","","","","","https://play.google.com/store/apps/details?id=com.elcoach.me","2026-05-21T13:49:40.031Z","google_play"
"com.mightybell.coachforlife","","android","","","","","","","","","","","https://play.google.com/store/apps/details?id=com.mightybell.coachforlife","2026-05-21T13:49:40.031Z","google_play"
"com.tagmango.rvlifecoaching","","android","","","","","","","","","","","https://play.google.com/store/apps/details?id=com.tagmango.rvlifecoaching","2026-05-21T13:49:40.031Z","google_play"
"com.lifesgoodcoaching.app","","android","","","","","","","","","","","https://play.google.com/store/apps/details?id=com.lifesgoodcoaching.app","2026-05-21T13:49:40.031Z","google_play"
"com.shaybetter","","android","","","","","","","","","","","https://play.google.com/store/apps/details?id=com.shaybetter","2026-05-21T13:49:40.031Z","google_play"
"com.kahunas.io.LiftYourLifeCoaching","","android","","","","","","","","","","","https://play.google.com/store/apps/details?id=com.kahunas.io.LiftYourLifeCoaching","2026-05-21T13:49:40.031Z","google_play"
"pl.biokod.goodcoach","","android","","","","","","","","","","","https://play.google.com/store/apps/details?id=pl.biokod.goodcoach","2026-05-21T13:49:40.031Z","google_play"
"com.gymbros.app","","android","","","","","","","","","","","https://play.google.com/store/apps/details?id=com.gymbros.app","2026-05-21T13:49:40.031Z","google_play"
"com.lyfta","","android","","","","","","","","","","","https://play.google.com/store/apps/details?id=com.lyfta","2026-05-21T13:49:40.031Z","google_play"
"com.coach360.foot","","android","","","","","","","","","","","https://play.google.com/store/apps/details?id=com.coach360.foot","2026-05-21T13:49:40.031Z","google_play"
"ai.rocky.app","","android","","","","","","","","","","","https://play.google.com/store/apps/details?id=ai.rocky.app","2026-05-21T13:49:40.031Z","google_play"
"com.coachkai.app","","android","","","","","","","","","","","https://play.google.com/store/apps/details?id=com.coachkai.app","2026-05-21T13:49:40.031Z","google_play"
"com.thecoachingrecord.app","","android","","","","","","","","","","","https://play.google.com/store/apps/details?id=com.thecoachingrecord.app","2026-05-21T13:49:40.031Z","google_play"
"com.visuelife.app","","android","","","","","","","","","","","https://play.google.com/store/apps/details?id=com.visuelife.app","2026-05-21T13:49:40.031Z","google_play"
"co.tarly.onzco","","android","","","","","","","","","","","https://play.google.com/store/apps/details?id=co.tarly.onzco","2026-05-21T13:49:40.031Z","google_play"
"com.p5l76tcxgcj9.pt3dq65sapp1","","android","","","","","","","","","","","https://play.google.com/store/apps/details?id=com.p5l76tcxgcj9.pt3dq65sapp1","2026-05-21T13:49:40.031Z","google_play"
"soccer.tutor.reader","","android","","","","","","","","","","","https://play.google.com/store/apps/details?id=soccer.tutor.reader","2026-05-21T13:49:40.031Z","google_play"
"com.thelastingchange.app","","android","","","","","","","","","","","https://play.google.com/store/apps/details?id=com.thelastingchange.app","2026-05-21T13:49:40.031Z","google_play"
"de.myfitcoach.tim.mfc","","android","","","","","","","","","","","https://play.google.com/store/apps/details?id=de.myfitcoach.tim.mfc","2026-05-21T13:49:40.031Z","google_play"
"com.aumio.ally.study","","android","","","","","","","","","","","https://play.google.com/store/apps/details?id=com.aumio.ally.study","2026-05-21T13:49:40.031Z","google_play"
"com.app.turniniglifecoaching.turniniglifecoachingappn","","android","","","","","","","","","","","https://play.google.com/store/apps/details?id=com.app.turniniglifecoaching.turniniglifecoachingappn","2026-05-21T13:49:40.031Z","google_play"
"com.tuinfoapps.lifecoach","","android","","","","","","","","","","","https://play.google.com/store/apps/details?id=com.tuinfoapps.lifecoach","2026-05-21T13:49:40.031Z","google_play"
"com.hevy","","android","","","","","","","","","","","https://play.google.com/store/apps/details?id=com.hevy","2026-05-21T13:49:40.031Z","google_play"
"com.unlimits.app","","android","","","","","","","","","","","https://play.google.com/store/apps/details?id=com.unlimits.app","2026-05-21T13:49:40.031Z","google_play"
"com.alphalifestyle.app","","android","","","","","","","","","","","https://play.google.com/store/apps/details?id=com.alphalifestyle.app","2026-05-21T13:49:40.031Z","google_play"
"com.gen.workoutme","","android","","","","","","","","","","","https://play.google.com/store/apps/details?id=com.gen.workoutme","2026-05-21T13:49:40.031Z","google_play"
"com.maxworkoutcoach.workouttrainer.workouttrainer","","android","","","","","","","","","","","https://play.google.com/store/apps/details?id=com.maxworkoutcoach.workouttrainer.workouttrainer","2026-05-21T13:49:40.031Z","google_play"
"com.achijones.profootballcoach","","android","","","","","","","","","","","https://play.google.com/store/apps/details?id=com.achijones.profootballcoach","2026-05-21T13:49:40.031Z","google_play"
"com.urbighosh.learners","","android","","","","","","","","","","","https://play.google.com/store/apps/details?id=com.urbighosh.learners","2026-05-21T13:49:40.031Z","google_play"
"Intuitive Life Coaching Oracle","Frederic Calendini","ios","","Lifestyle","4.89088","559","free","","","By Kelly T. Smith.

Once you have identified your emotional challenges and brought them into your awareness, it frees you up to make new choices, and to live a life that you design consciously – inste","","","https://apps.apple.com/us/app/intuitive-life-coaching-oracle/id662136391?uo=4","2026-05-21T13:49:39.500Z","app_store"
"Blush Life Coaching","Blush","ios","","Health & Fitness","4.09999","20","free","","","Whether you’re feeling stuck, unmotivated, or at a crossroads in your life - we have the expertise to help you reach your next step.

Instead of talking in circles with friends, family, or even therap","","","https://apps.apple.com/us/app/blush-life-coaching/id1488142486?uo=4","2026-05-21T13:49:39.500Z","app_store"
"CoachApp: The Coaching Masters","The Coaching Masters Limited","ios","","Education","4.57143","14","free","","","CoachApp by The Coaching Masters is an online coaching academy and global community designed to help you become a confident, qualified coach.

Train through our free coaching certification, learn prov","","","https://apps.apple.com/us/app/coachapp-the-coaching-masters/id1597452243?uo=4","2026-05-21T13:49:39.500Z","app_store"
"BetterUp","BetterUp","ios","","Business","4.50816","429","free","","","Set yourself up for success with BetterUp. Everything you need for personal and professional growth, all in one place. With a BetterUp coaching experience tailored to you and access to our vast librar","","","https://apps.apple.com/us/app/betterup/id963755876?uo=4","2026-05-21T13:49:39.500Z","app_store"
"Hapday - AI Life Coach","HAPDAY - FZCO","ios","","Health & Fitness","4.74464","979","free","","","Hapday is your AI Life Coach — available 24/7 to help you change your life in 30 days.
Get 1-hour guided AI coaching sessions, personalized daily plans, and real-time advice based on your sleep, activ","","","https://apps.apple.com/us/app/hapday-ai-life-coach/id1498572982?uo=4","2026-05-21T13:49:39.500Z","app_store"
"Success Life Coach Day Planner","Success Wizard, Inc.","ios","","Productivity","4.72227","1894","free","","","THE COMPLETE LIFE COACHING, GOAL SETTING AND HABIT TRACKER SYSTEM

Success Wizard is a fabulous life planner, productive habit tracker and goal setting program that will help you plan, focus and achie","","","https://apps.apple.com/us/app/success-life-coach-day-planner/id586970083?uo=4","2026-05-21T13:49:39.500Z","app_store"
"Fabulous: Daily Habit Tracker","Fabulous","ios","","Health & Fitness","4.44289","87793","free","","","Welcome to the world of Fabulous. Unlock the power of habits and routines. Prioritize your mental health, build healthy habits and improve your life one step at a time. Fabulous started as a habit tra","","","https://apps.apple.com/us/app/fabulous-daily-habit-tracker/id1203637303?uo=4","2026-05-21T13:49:39.500Z","app_store"
"You Are A CEO - Life Coaching","You Are a CEO Inc.","ios","","Lifestyle","4.76471","34","free","","","You Are A CEO creates self-leadership & entrepreneurial products and tools that helps our community remove 4 key elements that prevent us from optimizing our success. The goal is to help everyone take","","","https://apps.apple.com/us/app/you-are-a-ceo-life-coaching/id884507384?uo=4","2026-05-21T13:49:39.500Z","app_store"
"Tony Robbins","Robbins Research International INC","ios","","Lifestyle","4.83242","2214","free","","","Unleash your full potential with Tony Robbins AI, the ultimate personal development app built on Tony Robbins' 45+ years of experience as the world’s #1 life and performance coach. Now, you can carry ","","","https://apps.apple.com/us/app/tony-robbins/id6740523783?uo=4","2026-05-21T13:49:39.500Z","app_store"
"GrowthDay: Daily Mindset Coach","HPX LLC","ios","","Health & Fitness","4.84044","2250","free","","","Own your Mondays. Win your week. Transform your life.

GrowthDay is the world’s #1 system for personal growth, daily motivation, and high performance. Whether you’re building better habits, improving ","","","https://apps.apple.com/us/app/growthday-daily-mindset-coach/id1543291315?uo=4","2026-05-21T13:49:39.500Z","app_store"
"Gabby - Coaching & Meditation","Gabby Plus, Inc.","ios","","Health & Fitness","4.90302","4867","free","","","Gabby Bernstein is a #1 New York Times bestselling author and speaker. Here is what some people have said about her:

A thought leader from the next generation of soulful thinkers
— Oprah’s Super Soul","","","https://apps.apple.com/us/app/gabby-coaching-meditation/id1669192315?uo=4","2026-05-21T13:49:39.500Z","app_store"
"Mindvalley: Self Improvement","Mindvalley Inc","ios","","Education","4.76673","6846","free","","","Step into your greatness with Mindvalley, the world's most powerful transformational learning platform.

Most people spend their entire lives wondering what they're truly capable of. Mindvalley exists","","","https://apps.apple.com/us/app/mindvalley-self-improvement/id1108786610?uo=4","2026-05-21T13:49:39.500Z","app_store"
"LiftTalk:Coaching & Counseling","Liftalk Network Technology Limited","ios","","Health & Fitness","4.67045","616","free","","","Are you feeling anxious, stressed, vulnerable, lonely, heartbroken, or helpless? Whether you're dealing with a breakup, divorce, trust issues, dating challenges, toxic relationships, family conflicts,","","","https://apps.apple.com/us/app/lifttalk-coaching-counseling/id1628486575?uo=4","2026-05-21T13:49:39.500Z","app_store"
"Simple: AI Weight Loss Coach","AM APPS","ios","","Health & Fitness","4.69698","371529","free","","","AI health coach for lasting weight loss

Simple helps you lose weight with personalized plans, real-time nutrition analysis, on-demand coaching, and tailored workouts—without calorie counting or extre","","","https://apps.apple.com/us/app/simple-ai-weight-loss-coach/id1467720176?uo=4","2026-05-21T13:49:39.500Z","app_store"
"LIFE Intelligence: Manage LIFE","CapsuleCurriculum, LLC","ios","","Health & Fitness","4.80314","127","free","","","Facing a big decision? Fighting with a significant other? Live more intelligently. Beyond calming stress or anxiety, learn to solve the root cause of these stressors by digging deep with a practical, ","","","https://apps.apple.com/us/app/life-intelligence-manage-life/id1518619206?uo=4","2026-05-21T13:49:39.500Z","app_store"
"Thimin | AI Life Coach","Thriving Minds","ios","","Lifestyle","5","5","free","","","We all face a lack of confidence and motivation, anxiety, stress, and burnout at some point in our lives, leading to a loss of direction in pursuing our everyday responsibilities. Finding a reliable m","","","https://apps.apple.com/us/app/thimin-ai-life-coach/id6747063345?uo=4","2026-05-21T13:49:39.500Z","app_store"
"6000 thoughts | AI Life Coach","Rishi Kar","ios","","Health & Fitness","4.85714","7","free","","","Gain clarity from the fog of your thoughts, understand your patterns, and reduce the noise from the chatter of your inner voice.
Feel calmer, become more self aware and learn the tools necessary to tr","","","https://apps.apple.com/us/app/6000-thoughts-ai-life-coach/id1610147697?uo=4","2026-05-21T13:49:39.500Z","app_store"
"LifeRamp","LifeRamp","ios","","Education","5","1","free","","","LifeRamp is a digital coaching platform that connects college students and young professionals with the tools they need to thrive in a career and life they love. 

Our next generation platform makes i","","","https://apps.apple.com/us/app/liferamp/id1573785668?uo=4","2026-05-21T13:49:39.500Z","app_store"
"Life Time Digital","Life Time, Inc.","ios","","Health & Fitness","4.77536","177290","free","","","UNLIMITED ACCESS TO FITNESS, HEALTH & WELLNESS — ANYTIME, ANYWHERE — NO CLUB MEMBERSHIP REQUIRED 
Download the Life Time Digital app and unlock the ultimate destination for your healthiest, happiest l","","","https://apps.apple.com/us/app/life-time-digital/id1192326768?uo=4","2026-05-21T13:49:39.500Z","app_store"
"Coaches Login for BMLC","SAGITTARIUS LLC","ios","","Lifestyle","0","0","free","","","Be My Life Coach: Coach App

Empower lives as a Certified Life Coach with Be My Life Coach! Set your own per-minute rate, choose your availability, and connect with clients instantly through live voic","","","https://apps.apple.com/us/app/coaches-login-for-bmlc/id6745228185?uo=4","2026-05-21T13:49:39.500Z","app_store"
"AddMile: Personal Life Coach","Lafrenol Limited","ios","","Health & Fitness","4.34286","140","free","","","AddMile — your Personal Life Coach, anytime.

AddMile brings together personalized programs and coach-created content, chat with real mentors, and one-on-one coaching sessions — everything that helps ","","","https://apps.apple.com/us/app/addmile-personal-life-coach/id6737123392?uo=4","2026-05-21T13:49:39.500Z","app_store"
"Remente: Self Care & Wellbeing","Remente","ios","","Health & Fitness","4.60486","1769","free","","","Small actions everyday create life changing behaviors. Our mental health tracker and self care journal helps you with goal setting and achieving personal growth! Remente acts as your life coach and pr","","","https://apps.apple.com/us/app/remente-self-care-wellbeing/id961633456?uo=4","2026-05-21T13:49:39.500Z","app_store"
"Be My Life Coach","SAGITTARIUS LLC","ios","","Lifestyle","5","2","free","","","Be My Life Coach

Connect instantly with certified life coaches via live voice calls or private messaging. No forms, no waitlists, no long-term commitments--just real support when you need it.

Browse","","","https://apps.apple.com/us/app/be-my-life-coach/id6745228247?uo=4","2026-05-21T13:49:39.500Z","app_store"
"Wave: Mental Health Coaching","Wave Life, Inc.","ios","","Health & Fitness","4.33333","27","free","","","For Every Life Transition, Find Your Wave

Life is filled with transitions: new jobs, breakups, becoming a parent, navigating the complexities of caregiving, or even experiencing an empty nest. Every ","","","https://apps.apple.com/us/app/wave-mental-health-coaching/id1586605076?uo=4","2026-05-21T13:49:39.500Z","app_store"
"Zen Talk - Personal Life Coach","AXESAM LLC","ios","","Health & Fitness","3.5","2","free","","","Zen Talk - Your Private Virtual life coaching application to transform the way you approach personal growth and emotional well-being. Zen Talk is a companion in your journey towards self-discovery, me","","","https://apps.apple.com/us/app/zen-talk-personal-life-coach/id6475635493?uo=4","2026-05-21T13:49:39.500Z","app_store"
"I'm Miri - AI Life Coach","Gi Le Lim","ios","","Entertainment","4","2","free","","","I'm Miri helps you understand yourself and your relationships through AI-powered personality insight and life coaching.

Take science-backed personality assessments, discover your attachment style, an","","","https://apps.apple.com/us/app/im-miri-ai-life-coach/id6761462965?uo=4","2026-05-21T13:49:39.500Z","app_store"
"Reknewal Life Coaching","Kareen Sookoo","ios","","Lifestyle","5","2","free","","","Life coaches customize their approach to suit your individual needs and preferences. This personalized attention ensures that the coaching process aligns with your unique personality, values, and circ","","","https://apps.apple.com/us/app/reknewal-life-coaching/id6475719982?uo=4","2026-05-21T13:49:39.500Z","app_store"
"Selfpause: Your AI Life Coach","SELFPAUSE LLC","ios","","Health & Fitness","4.60767","339","free","","","Selfpause is the ultimate AI life coach app! With Selfpause, you can chat with an AI life coach anytime, anywhere and receive personalized support to help you achieve your goals.

Our library offers h","","","https://apps.apple.com/us/app/selfpause-your-ai-life-coach/id1518538414?uo=4","2026-05-21T13:49:39.500Z","app_store"
"Lifecraft: Your Life Coach","Lifecraft Inc.","ios","","Lifestyle","4.51931","751","free","","","Lifecraft is the first digital life coach. Lifecraft does not collect ANY personal information and does not allow ads. Lifecraft only syncs with iCloud, not a private server that's vulnerable to hacki","","","https://apps.apple.com/us/app/lifecraft-your-life-coach/id1234269210?uo=4","2026-05-21T13:49:39.500Z","app_store"
"Mr. Man: Life Tips & Coaching","TAPTICGROUP LTD","ios","","Productivity","4.58108","222","free","","","""My name is Mr. Man, and I am the one and only assistant to a man who is determined to achieve his goals."" These are the words of the assistant we have added to our application. But more about him lat","","","https://apps.apple.com/us/app/mr-man-life-tips-coaching/id6445987356?uo=4","2026-05-21T13:49:39.500Z","app_store"
"Life-Coaching AI","DMYTRO TURSKYI","ios","","Lifestyle","0","0","free","","","Life-Coaching AI is your companion for growth and self-discovery.

Whether you’re feeling stuck, uncertain about your next steps, or simply want a dedicated space to reflect and set goals, Life-Coachi","","","https://apps.apple.com/us/app/life-coaching-ai/id6743688857?uo=4","2026-05-21T13:49:39.500Z","app_store"
"layers: Life Coach, AI Journal","layers labs UG (haftungsbeschraenkt)","ios","","Health & Fitness","4.7013","77","free","","","Whether you're feeling stuck, navigating a career pivot, seeking purpose, or simply want to grow, the layers AI life coach listens and supports you with smart, contextual coaching. Now available in 19","","","https://apps.apple.com/us/app/layers-life-coach-ai-journal/id6504188329?uo=4","2026-05-21T13:49:39.500Z","app_store"
"Nurse Life Coach Academy","Nurse Life Coach Academy","ios","","Education","0","0","free","","","Inside the Nurse Life Coach Academy app, you can:

Access all of your videos in one easy to use app
Receive push notifications with the latest news and updates
Access to all of your videos without hav","","","https://apps.apple.com/us/app/nurse-life-coach-academy/id6737426869?uo=4","2026-05-21T13:49:39.500Z","app_store"
"iCoach: Life Coaching","GARY WINER","ios","","Lifestyle","0","0","free","","","iCoach: Your Free Personal Coach, Anytime, Anywhere

Transform every part of your life with iCoach, the ultimate app for daily support, guidance, and growth. Whether you want to improve relationships,","","","https://apps.apple.com/us/app/icoach-life-coaching/id6738576339?uo=4","2026-05-21T13:49:39.500Z","app_store"
"Habit Tracker & AI Life Coach","Mobizion","ios","","Productivity","2","1","free","","","Transform your lifestyle with our AI Life Coaching App – a powerful Habit Tracker and Goal Setting coach designed to build discipline, balance, and daily motivation.

Struggling to stay consistent wit","","","https://apps.apple.com/us/app/habit-tracker-ai-life-coach/id6745252758?uo=4","2026-05-21T13:49:39.500Z","app_store"
"BTwin AI Friends-Life Coaching","Ben Sabbah","ios","","Social Networking","4.11111","9","free","","","BTwin Friends!
—Your Emotional Support Network
—100% Anonymous
—24/7 Coaching

AI FRIENDSHIP
• Create an AI-Twin based on your ex, lover, crush, family, friends, or even your pet.
• Just import their ","","","https://apps.apple.com/us/app/btwin-ai-friends-life-coaching/id6446806020?uo=4","2026-05-21T13:49:39.500Z","app_store"
"Right Questions: AI Life Coach","Rufat Mirza","ios","","Health & Fitness","5","3","free","","","Welcome to Right Questions – Your AI Life Coach for Self Exploration!

TLDR:
1. This app asks you thought-provoking questions.
2. Then it lets AI analyze your answers, and coach you towards areas that","","","https://apps.apple.com/us/app/right-questions-ai-life-coach/id1618588833?uo=4","2026-05-21T13:49:39.500Z","app_store"
"Unlimits AI Life Coach & Goals","UNLIMITS FZ-LLC","ios","","Lifestyle","5","1","free","","","Most dreams don't fail. They get postponed.

10,000 people have downloaded Unlimits. Most had a dream they'd been putting off for years. All of them got the same thing on day one: one specific step, f","","","https://apps.apple.com/us/app/unlimits-ai-life-coach-goals/id6739521906?uo=4","2026-05-21T13:49:39.500Z","app_store"
"Integrated Life Management","IPM Inc.","ios","","Lifestyle","5","7","free","","","Welcome to your one-stop app for life, leadership, career and executive coaching. We provide access to certified professional coaches that will help you to discover your purpose, align your values and","","","https://apps.apple.com/us/app/integrated-life-management/id6499551885?uo=4","2026-05-21T13:49:39.500Z","app_store"
"Life Coach: Daily Motivation","Relax Software, LLC","ios","","Health & Fitness","5","1","free","","","TRANSFORM YOUR LIFE WITH LIFE COACH!
Stuck in the same old routines? Feeling like something's missing? Life Coach isn't just another app—it's the breakthrough companion that will revolutionize your pe","","","https://apps.apple.com/us/app/life-coach-daily-motivation/id6745719346?uo=4","2026-05-21T13:49:39.500Z","app_store"
"Odyssey: AI Life Coach","PhantomLabs","ios","","Productivity","0","0","free","","","Meet your personal AI life coach — available 24/7, powered by real psychology.
                                                                                
  Odyssey pairs you with an AI coach who","","","https://apps.apple.com/us/app/odyssey-ai-life-coach/id6760604706?uo=4","2026-05-21T13:49:39.500Z","app_store"
"Better Coach: AI Life Coach","Sebastian Muriel","ios","","Productivity","0","0","free","","","What if you had a coach who truly understood you? Your patterns, your blind spots, the excuses you keep making, and actually cared enough to call you out on them?

Better Coach builds a personal AI co","","","https://apps.apple.com/us/app/better-coach-ai-life-coach/id6758958579?uo=4","2026-05-21T13:49:39.500Z","app_store"
"Beacon: AI Life Coach & Mentor","Zakaria Diarra","ios","","Productivity","5","1","free","","","Beacon is the AI life coaching app built for people who are done with empty affirmations and ready for real accountability. Powered by Brex, your personal AI coach, Beacon learns your personality, val","","","https://apps.apple.com/us/app/beacon-ai-life-coach-mentor/id6759679062?uo=4","2026-05-21T13:49:39.500Z","app_store"
"LDS Life Coaches","Virgo Development","ios","","Education","0","0","free","","","This app is for members of LDS Life Coaches. With this app you can interact with other members, join our calls, and schedule coaching appointments.","","","https://apps.apple.com/us/app/lds-life-coaches/id6449501957?uo=4","2026-05-21T13:49:39.500Z","app_store"
"Vaib Assistant: AI Life Coach","VAIB US, INC.","ios","","Entertainment","3.88462","26","free","","","Meet Sam in Vaib Assistant — your all-in-one AI-powered life assistant, chatbot, and digital companion. From fitness to dating, gaming to lifestyle, Sam is here to help you stay on track, learn faster","","","https://apps.apple.com/us/app/vaib-assistant-ai-life-coach/id6746539843?uo=4","2026-05-21T13:49:39.500Z","app_store"
"Spark: Life Coaching For All","Mindpurpose","ios","","Business","0","0","free","","","Introducing ""Spark: Life Coaching For All,"" the ultimate app designed to transform your life across six crucial dimensions: Career & Growth, Financial Wellbeing, Mental Wellbeing, Relationships, Healt","","","https://apps.apple.com/us/app/spark-life-coaching-for-all/id6450260570?uo=4","2026-05-21T13:49:39.500Z","app_store"
"Revival Health & Life Coaching","Revival Health and Life Coaching Ltd","ios","","Health & Fitness","0","0","free","","","Revival Coaching empowers individuals to break through limitations and unlock their true potential through personalized mindset and performance coaching. Whether you're seeking clarity, confidence, or","","","https://apps.apple.com/us/app/revival-health-life-coaching/id6752284358?uo=4","2026-05-21T13:49:39.500Z","app_store"
"io.brin.brin","","android","","","","","","","","","","","https://play.google.com/store/apps/details?id=io.brin.brin","2026-05-21T13:49:40.542Z","google_play"
"com.makelifeeasy.business_and_management_course","","android","","","","","","","","","","","https://play.google.com/store/apps/details?id=com.makelifeeasy.business_and_management_course","2026-05-21T13:49:40.542Z","google_play"
"co.diy4.snslh","","android","","","","","","","","","","","https://play.google.com/store/apps/details?id=co.diy4.snslh","2026-05-21T13:49:40.542Z","google_play"
"com.bloomcodestudio.businessmanagement","","android","","","","","","","","","","","https://play.google.com/store/apps/details?id=com.bloomcodestudio.businessmanagement","2026-05-21T13:49:40.542Z","google_play"
"com.codeworld.learnbusinessmanagement","","android","","","","","","","","","","","https://play.google.com/store/apps/details?id=com.codeworld.learnbusinessmanagement","2026-05-21T13:49:40.542Z","google_play"
"com.joinfud.fud","","android","","","","","","","","","","","https://play.google.com/store/apps/details?id=com.joinfud.fud","2026-05-21T13:49:40.542Z","google_play"
"com.therandomtraveller.my_business_coach","","android","","","","","","","","","","","https://play.google.com/store/apps/details?id=com.therandomtraveller.my_business_coach","2026-05-21T13:49:40.542Z","google_play"
"com.tagmango.businesscoachakhillm","","android","","","","","","","","","","","https://play.google.com/store/apps/details?id=com.tagmango.businesscoachakhillm","2026-05-21T13:49:40.542Z","google_play"
"com.repeat.fitnesscoaching","","android","","","","","","","","","","","https://play.google.com/store/apps/details?id=com.repeat.fitnesscoaching","2026-05-21T13:49:40.542Z","google_play"
"net.tapstyle.tapbiz","","android","","","","","","","","","","","https://play.google.com/store/apps/details?id=net.tapstyle.tapbiz","2026-05-21T13:49:40.542Z","google_play"
"com.udemy.android.ufb","","android","","","","","","","","","","","https://play.google.com/store/apps/details?id=com.udemy.android.ufb","2026-05-21T13:49:40.542Z","google_play"
"com.facebook.pages.app","","android","","","","","","","","","","","https://play.google.com/store/apps/details?id=com.facebook.pages.app","2026-05-21T13:49:40.542Z","google_play"
"com.bloomcodestudio.learnentrepreneurship","","android","","","","","","","","","","","https://play.google.com/store/apps/details?id=com.bloomcodestudio.learnentrepreneurship","2026-05-21T13:49:40.542Z","google_play"
"com.zuuks.bus.simulator.ultimate","","android","","","","","","","","","","","https://play.google.com/store/apps/details?id=com.zuuks.bus.simulator.ultimate","2026-05-21T13:49:40.542Z","google_play"
"com.turns.admin.turnsAdmin","","android","","","","","","","","","","","https://play.google.com/store/apps/details?id=com.turns.admin.turnsAdmin","2026-05-21T13:49:40.542Z","google_play"
"com.safetyculture.iauditor","","android","","","","","","","","","","","https://play.google.com/store/apps/details?id=com.safetyculture.iauditor","2026-05-21T13:49:40.542Z","google_play"
"app.corecoach","","android","","","","","","","","","","","https://play.google.com/store/apps/details?id=app.corecoach","2026-05-21T13:49:40.542Z","google_play"
"com.threeclick.gocoaching","","android","","","","","","","","","","","https://play.google.com/store/apps/details?id=com.threeclick.gocoaching","2026-05-21T13:49:40.542Z","google_play"
"boss.sales.accounting.crm.business.trade.debit.invoice.profit_1c","","android","","","","","","","","","","","https://play.google.com/store/apps/details?id=boss.sales.accounting.crm.business.trade.debit.invoice.profit_1c","2026-05-21T13:49:40.542Z","google_play"
"com.makelifeeasy.business_idea","","android","","","","","","","","","","","https://play.google.com/store/apps/details?id=com.makelifeeasy.business_idea","2026-05-21T13:49:40.542Z","google_play"
"com.smartatum.investorhero","","android","","","","","","","","","","","https://play.google.com/store/apps/details?id=com.smartatum.investorhero","2026-05-21T13:49:40.542Z","google_play"
"com.v1sports.coach","","android","","","","","","","","","","","https://play.google.com/store/apps/details?id=com.v1sports.coach","2026-05-21T13:49:40.542Z","google_play"
"com.intuit.quickbooks","","android","","","","","","","","","","","https://play.google.com/store/apps/details?id=com.intuit.quickbooks","2026-05-21T13:49:40.542Z","google_play"
"com.pocketbusinesscoach.pocketbusinesscoach","","android","","","","","","","","","","","https://play.google.com/store/apps/details?id=com.pocketbusinesscoach.pocketbusinesscoach","2026-05-21T13:49:40.542Z","google_play"
"com.closercademy.app","","android","","","","","","","","","","","https://play.google.com/store/apps/details?id=com.closercademy.app","2026-05-21T13:49:40.542Z","google_play"
"learn.business.finance","","android","","","","","","","","","","","https://play.google.com/store/apps/details?id=learn.business.finance","2026-05-21T13:49:40.542Z","google_play"
"in.softecks.businessmanagement","","android","","","","","","","","","","","https://play.google.com/store/apps/details?id=in.softecks.businessmanagement","2026-05-21T13:49:40.542Z","google_play"
"uk.org.blurt.businessplanbuilder","","android","","","","","","","","","","","https://play.google.com/store/apps/details?id=uk.org.blurt.businessplanbuilder","2026-05-21T13:49:40.542Z","google_play"
"Bizversity - Business Coaching","Business Blueprint","ios","","Business","4.40658","91","free","","","Bizversity - Business Coaching is the ultimate business app, that gives you exclusive access to the world's best business training, anywhere, anytime.

Best described as the ""Netflix for Business"", Bi","","","https://apps.apple.com/us/app/bizversity-business-coaching/id1111454830?uo=4","2026-05-21T13:49:40.065Z","app_store"
"Unlocked: Business Coach","Mindcom Media","ios","","Productivity","4.73404","94","free","","","Unlocked – The AI Mindset Coach for Business Owners.

Unlocked is an AI coach trained by coaches with over 35 years of experience working with Business Owners.  

Built for Business Owners who overthi","","","https://apps.apple.com/us/app/unlocked-business-coach/id6744976262?uo=4","2026-05-21T13:49:40.065Z","app_store"
"Harvard Business Review","Harvard Business Review","ios","","Business","4.73142","14279","free","","","Harvard Business Review's all-new mobile app is the industry-leading resource for insights on business, leadership, strategy, and the practice of management. With over 100 years of editorial excellenc","","","https://apps.apple.com/us/app/harvard-business-review/id1445571382?uo=4","2026-05-21T13:49:40.065Z","app_store"
"LEADx","LEADx, Inc.","ios","","Education","4.79256","699","free","","","LEADx with Coach Amanda is an online learning and coaching platform:

• Big 5 Personality Assessment
• Coach Amanda, an AI-powered executive coach
• 200+ micro-learning courses on topics that include:","","","https://apps.apple.com/us/app/leadx/id1369429462?uo=4","2026-05-21T13:49:40.065Z","app_store"
"Bunch - Daily Leadership Coach","Bunch.ai, Inc.","ios","","Education","4.76138","373","free","","","You know that feeling…

⇒ It’s the Sunday scaries before a work week
⇒ It’s seeing your to-do list grow on Monday morning
⇒ It’s the spontaneous Zoom call you felt completely unprepared for
⇒ It’s the","","","https://apps.apple.com/us/app/bunch-daily-leadership-coach/id1500872908?uo=4","2026-05-21T13:49:40.065Z","app_store"
"Raven Business Coaching","Rescue Response Gear","ios","","Education","0","0","free","","","At Raven Business Coaching, our mission is to unlock your full potential by providing access to a curated selection of tailored business courses designed to address the complexities of today's market.","","","https://apps.apple.com/us/app/raven-business-coaching/id6479720689?uo=4","2026-05-21T13:49:40.065Z","app_store"
"TrueCoach","TrueCoach, Inc.","ios","","Health & Fitness","4.85949","33671","free","","","TrueCoach is the number one platform for coaches and trainers who want to manage more clients with less admin work. Our easy to use workout builder features a 900+ video exercise library, plus the abi","","","https://apps.apple.com/us/app/truecoach/id1439127794?uo=4","2026-05-21T13:49:40.065Z","app_store"
"Pocket Business Coach","Cre8 Visions","ios","","Business","5","2","free","","","Get Tailored And Guided Assistance Building And Marketing Your Business From A Human And Not Another Course
Ask a coach and get the guided help and advice that you need to get you to the next step of ","","","https://apps.apple.com/us/app/pocket-business-coach/id1559449470?uo=4","2026-05-21T13:49:40.065Z","app_store"
"Business Coach Marketing","synduit","ios","","Business","0","0","free","","","Engage with your subscribers in a whole new way. Automated Business Coach Marketing allows you to communicate with your subscribers now via text messaging from your phone. Automated Business Coach Mar","","","https://apps.apple.com/us/app/business-coach-marketing/id1526741032?uo=4","2026-05-21T13:49:40.065Z","app_store"
"Inner Life Leadership","Susanne Biro & Associates Coaching Inc","ios","","Business","5","2","free","","","Obtain the exact insights taught to the world's most successful leaders. 

Whether you are an experienced CEO or brand new to the world of business and leadership, the ideas and tools in this app have","","","https://apps.apple.com/us/app/inner-life-leadership/id6444659787?uo=4","2026-05-21T13:49:40.065Z","app_store"
"Leland for Coaches","Leland","ios","","Education","4.78946","19","free","","","Welcome to Leland for Coaches! This app is meant to help you build your coaching business on the go, by making it 10x easier to respond to customer messages and orders. In this app you can:
- Send and","","","https://apps.apple.com/us/app/leland-for-coaches/id6444394433?uo=4","2026-05-21T13:49:40.065Z","app_store"
"Bravely Coaching","Bravely, Inc.","ios","","Business","4.42856","7","free","","","To use the Bravely app, you must have a Bravely account through your employer.

Bravely connects you to on-demand confidential coaching in the moments that matter across your life at work. Access to B","","","https://apps.apple.com/us/app/bravely-coaching/id1523771665?uo=4","2026-05-21T13:49:40.065Z","app_store"
"Rilla: The End of Ridealongs","RillaVoice, Inc.","ios","","Business","4.47466","750","free","","","Use our speech analytics to keep track of all your interactions with customers.

Conversation Improvement
Rilla helps you modulate how you talk to customers, and what you say to them to improve your s","","","https://apps.apple.com/us/app/rilla-the-end-of-ridealongs/id1488233758?uo=4","2026-05-21T13:49:40.065Z","app_store"
"AlterCall","AlterCall, LLC","ios","","Productivity","4.75","8","free","","","AlterCall brings world-class executive coaching to your pocket. Whether you're a founder scaling a business, a leader building high-performing teams, or a professional accelerating your career — Alter","","","https://apps.apple.com/us/app/altercall/id6758922577?uo=4","2026-05-21T13:49:40.065Z","app_store"
"CoachUp - Sports Training","CoachUp, Inc.","ios","","Sports","3.73656","186","free","","","CoachUp helps athletes of all ages and skill levels connect with the nation’s largest network of world-class, vetted coaches for personalized, sport-specific instruction.


ATHLETES & PARENTS: 

- Con","","","https://apps.apple.com/us/app/coachup-sports-training/id562030098?uo=4","2026-05-21T13:49:40.065Z","app_store"
"Marie Forleo","Marie Forleo International, Inc.","ios","","Business","4.89781","137","free","","","The Marie Forleo app is the exclusive home of B-School, as well as powerful training programs and tools designed to help you create a business and life you love.

Together, we’ll help you achieve:

Mo","","","https://apps.apple.com/us/app/marie-forleo/id6499062416?uo=4","2026-05-21T13:49:40.065Z","app_store"
"Business Plan & Start","Problemio","ios","","Business","2.33333","9","free","","","Top business plan app with 200,000+ downloads across iOS, and other platforms with over 30,000+ people who already used our apps to create their business plans. 

The app helps you write a business pl","","","https://apps.apple.com/us/app/business-plan-start/id554845193?uo=4","2026-05-21T13:49:40.065Z","app_store"
"Coaching Log (ICF Coaches)","Clarivia Inc.","ios","","Business","5","3","free","","","The fastest way for ICF coaches to keep a coaching log accurate, current, and ready for credential applications and renewals.

Coaching Log is built for Executive, Leadership, Career, and Life Coaches","","","https://apps.apple.com/us/app/coaching-log-icf-coaches/id1633810473?uo=4","2026-05-21T13:49:40.065Z","app_store"
"My Vistage","Vistage","ios","","Business","4.72075","795","free","","","As a Vistage member you’re never in it alone. With the My Vistage app on your phone, you have ""always on"" access to our platform of trusted resources, your Chair, your group — and a community of peers","","","https://apps.apple.com/us/app/my-vistage/id891220703?uo=4","2026-05-21T13:49:40.065Z","app_store"
"Small Business Coach & Mentor","Fud Incorporated","ios","","Social Networking","3.86624","157","free","","","Are you ready to join the world's first social hustling community? Flip the script and find the know-how and community you need to take action and put more money in your pocket.

Founded by hustlers, ","","","https://apps.apple.com/us/app/small-business-coach-mentor/id1616818001?uo=4","2026-05-21T13:49:40.065Z","app_store"
"Bada Business Community","Bada Business Pvt. Ltd.","ios","","Education","4.09835","122","free","","","Introducing Bada Business Community


This platform actually means business! A one of its kind networking platform for SMEs, MSMEs entrepreneurs, wantrepreneurs, and business experts. This serves you ","","","https://apps.apple.com/us/app/bada-business-community/id1462564584?uo=4","2026-05-21T13:49:40.065Z","app_store"
"Siro AI","Siro Technologies Inc","ios","","Business","4.77641","1297","free","","","Siro puts tens of millions of conversations to work for you.

The patterns that separate top earners from everyone else? We found them. Now Siro pushes that knowledge to you, automatically, before eve","","","https://apps.apple.com/us/app/siro-ai/id1546176487?uo=4","2026-05-21T13:49:40.065Z","app_store"
"Speak Like a CEO (McGraw Hill)","Expanded Apps","ios","","Business","3.7","10","free","","","Secrets for better communication in any business environment.  This free sample contains the first chapter and access to all chapters requires an in-app purchase of $14.99 USD.

""It's a master piece o","","","https://apps.apple.com/us/app/speak-like-a-ceo-mcgraw-hill/id415170694?uo=4","2026-05-21T13:49:40.065Z","app_store"
"The Fractional Coach","The Fractional Coach, LLC","ios","","Education","5","1","free","","","Introducing The Fractional Coach, your solution for career coaching without the long-term commitment. Enjoy the flexibility of selecting exactly how much time you need and when you need it. Extend a s","","","https://apps.apple.com/us/app/the-fractional-coach/id6504908974?uo=4","2026-05-21T13:49:40.065Z","app_store"
"CoachVille","CoachVille LLC","ios","","Lifestyle","5","9","free","","","Come join a thriving and vibrant global community of coaches—for free!

We believe that in the heart of every coach… There is a Life Coach.

With the CoachVille Community App, get access to a worldwid","","","https://apps.apple.com/us/app/coachville/id1608584257?uo=4","2026-05-21T13:49:40.065Z","app_store"
"Impact Elite Coaching","Impact Elite Coaching LLC","ios","","Business","5","7","free","","","At Impact Elite Coaching, we believe in creating a community that empowers individuals to unlock their full potential and transform their lives. Our community is built for individuals who seek persona","","","https://apps.apple.com/us/app/impact-elite-coaching/id6739265724?uo=4","2026-05-21T13:49:40.065Z","app_store"
"Closed Won Club","Closed Won LLC","ios","","Education","5","1","free","","","There's a version of you that closes bigger deals, wins more often, and actually knows why.

Most reps never find it.

And they are left to figure it out alone.

There's no coach in their corner when ","","","https://apps.apple.com/us/app/closed-won-club/id6763125519?uo=4","2026-05-21T13:49:40.065Z","app_store"
"David Young Coach","Interstate Industries, Inc.","ios","","Business","5","3","free","","","Many times in a career the same problems show up again and again. Stress, self-doubt, dealing with difficult people, can all stop us from being our best. 
 
As a business coach, I have clocked up thou","","","https://apps.apple.com/us/app/david-young-coach/id1596053510?uo=4","2026-05-21T13:49:40.065Z","app_store"
"AceUp","AceUp","ios","","Business","5","11","free","","","AceUp is the premier provider of enterprise-wide, scalable, and measurable Human-Centered Leadership Transformation for Individuals and Teams. Our human-centered leadership development coaching soluti","","","https://apps.apple.com/us/app/aceup/id1574531289?uo=4","2026-05-21T13:49:40.065Z","app_store"
"Coach You","TECHNZONE","ios","","Business","5","3","free","","","COACH YOU is a dynamic platform that provides you with specialized and personalized techniques that will help build your career / teams / organization through professional coaching.","","","https://apps.apple.com/us/app/coach-you/id1512021002?uo=4","2026-05-21T13:49:40.065Z","app_store"
"LevelUp Coaching","Coldwell Banker Select","ios","","Productivity","5","1","free","","","Coaching app built specifically for Level Up Coach agents. Agents are able to train, access tasks, track sales goals, share social media content and more. Customize training plans, learn scripts, watc","","","https://apps.apple.com/us/app/levelup-coaching/id1546262637?uo=4","2026-05-21T13:49:40.065Z","app_store"
"Skillsoft Coaching","Pluma","ios","","Business","2.33333","3","free","","","Skillsoft Coaching is a web and mobile SaaS solution offering professional development and executive coaching via unlimited in-app messaging with an executive coach. We work with experts in human reso","","","https://apps.apple.com/us/app/skillsoft-coaching/id1145680121?uo=4","2026-05-21T13:49:40.065Z","app_store"
"The Business Lounge","Kim Jimenez","ios","","Business","5","7","free","","","Welcome to The Business Lounge, our private community, training and resources for TBL Members and coaching clients","","","https://apps.apple.com/us/app/the-business-lounge/id1628908377?uo=4","2026-05-21T13:49:40.065Z","app_store"
"Coach You | Coach","TECHNZONE","ios","","Business","5","1","free","","","COACH YOU is a dynamic platform that provides you with specialized and personalized techniques that will help build your career / teams / organization through professional coaching.","","","https://apps.apple.com/us/app/coach-you-coach/id1600232674?uo=4","2026-05-21T13:49:40.065Z","app_store"
"Emerging Life Coaching","Janelle Anderson","ios","","Business","0","0","free","","","Emerging Life Coaching offers users personal development opportunities, tips, videos, articles, courses, and allows you to discover how to build bold confidence, grow a successful business, and improv","","","https://apps.apple.com/us/app/emerging-life-coaching/id6449501540?uo=4","2026-05-21T13:49:40.065Z","app_store"
"TrueCoach Connect","TrueCoach, Inc.","ios","","Health & Fitness","1.79762","84","free","","","TrueCoach is the number one platform for coaches and trainers who want to offer a premium experience to their clients without the headache of managing spreadsheets, email and text messages.

With True","","","https://apps.apple.com/us/app/truecoach-connect/id1445214677?uo=4","2026-05-21T13:49:40.065Z","app_store"
"Glover U","GLOVER U, INC.","ios","","Business","5","8","free","","","Access tools and resources created by the #1 producing real estate coach in North America and Founder of Glover U, Jeff Glover. By downloading the Glover U app, you unlock exclusive free resources tha","","","https://apps.apple.com/us/app/glover-u/id6448191486?uo=4","2026-05-21T13:49:40.065Z","app_store"
"Trainerfu For Personal Trainer","Manobal Jain","ios","","Health & Fitness","4.8383","3154","free","","","If you are a personal fitness trainer and looking for an online personal training app that can help you to train and manage all of your clients in one single place then you are at the right place. Wel","","","https://apps.apple.com/us/app/trainerfu-for-personal-trainer/id807834256?uo=4","2026-05-21T13:49:40.065Z","app_store"
"Jobcase: Land a better job","Jobcase Inc.","ios","","Business","4.3643","947","free","","","Welcome to Jobcase – the all-in-one platform designed to help you get ahead. Get personalized AI career coaching, connect with a lively community, network with both familiar and new faces, and showcas","","","https://apps.apple.com/us/app/jobcase-land-a-better-job/id1506836734?uo=4","2026-05-21T13:49:40.065Z","app_store"
"Talklet: Speak English","Talklet AI Limited","ios","","Education","4.67518","2389","free","","","Need English for work, interviews, shopping, school, or daily life? Talklet helps you practice speaking out loud with a patient AI English tutor. Start with a short speaking check, get a personalized ","","","https://apps.apple.com/us/app/talklet-speak-english/id6749287368?uo=4","2026-05-21T13:49:40.065Z","app_store"
"Activ365 | Life Coaching","Robert Banks","ios","","Health & Fitness","0","0","free","","","WORK. LIFE. BALANCE.
Working with ACTIV365 is a Collaborative Journey Where We Work Together to Create Your Success!

Welcome to the Activ365 App! In our app you can quickly stay connected with Rob wi","","","https://apps.apple.com/us/app/activ365-life-coaching/id1491847757?uo=4","2026-05-21T13:49:40.065Z","app_store"
"Supertalk - Podcasts & Mentors","WEGIVE TECHNOLOGIES","ios","","Business","5","10","free","","","Discover the future of mentoring with Supertalk. Share wisdom, find mentors, and grow through powerful audio podcasts.

Welcome to Supertalk, your free social mentoring app designed to fast-track your","","","https://apps.apple.com/us/app/supertalk-podcasts-mentors/id6459511800?uo=4","2026-05-21T13:49:40.065Z","app_store"
"Sama professional","Sama Europe Ltd","ios","","Business","5","3","free","","","The Sama app is your space where our experienced, accredited professional coaches will work with you completely confidentially. We use our proprietary algorithm to match you with the best coach for yo","","","https://apps.apple.com/us/app/sama-professional/id1520645244?uo=4","2026-05-21T13:49:40.065Z","app_store"
"Coach Simple Coaching Software","LifeSpace","ios","","Productivity","4","5","free","","","Coach Simple is a coaching and accountability software designed to work seamlessly with all CoachSimple platform.  Coaches and Sales Managers assign goals and coaching programs to their clients and te","","","https://apps.apple.com/us/app/coach-simple-coaching-software/id579885991?uo=4","2026-05-21T13:49:40.065Z","app_store"
"branded.com.letsworkdc","","android","","","","","","","","","","","https://play.google.com/store/apps/details?id=branded.com.letsworkdc","2026-05-21T13:49:41.295Z","google_play"
"branded.m2b4902d0af124003a7fa88d9f8056542.mysite5","","android","","","","","","","","","","","https://play.google.com/store/apps/details?id=branded.m2b4902d0af124003a7fa88d9f8056542.mysite5","2026-05-21T13:49:41.295Z","google_play"
"co.alexis.cacc","","android","","","","","","","","","","","https://play.google.com/store/apps/details?id=co.alexis.cacc","2026-05-21T13:49:41.295Z","google_play"
"study.courses.knowledge.careerguidance","","android","","","","","","","","","","","https://play.google.com/store/apps/details?id=study.courses.knowledge.careerguidance","2026-05-21T13:49:41.295Z","google_play"
"co.jack.qvjvj","","android","","","","","","","","","","","https://play.google.com/store/apps/details?id=co.jack.qvjvj","2026-05-21T13:49:41.295Z","google_play"
"app.careerhelper","","android","","","","","","","","","","","https://play.google.com/store/apps/details?id=app.careerhelper","2026-05-21T13:49:41.295Z","google_play"
"co.thor.ibruw","","android","","","","","","","","","","","https://play.google.com/store/apps/details?id=co.thor.ibruw","2026-05-21T13:49:41.295Z","google_play"
"com.appdesignhub.ai_app","","android","","","","","","","","","","","https://play.google.com/store/apps/details?id=com.appdesignhub.ai_app","2026-05-21T13:49:41.295Z","google_play"
"com.smithdev.soccercareer2025","","android","","","","","","","","","","","https://play.google.com/store/apps/details?id=com.smithdev.soccercareer2025","2026-05-21T13:49:41.295Z","google_play"
"co.paige.ctpzy","","android","","","","","","","","","","","https://play.google.com/store/apps/details?id=co.paige.ctpzy","2026-05-21T13:49:41.295Z","google_play"
"com.babuyo.footy.career.and.ww","","android","","","","","","","","","","","https://play.google.com/store/apps/details?id=com.babuyo.footy.career.and.ww","2026-05-21T13:49:41.295Z","google_play"
"com.careerfairplus.cf_plus","","android","","","","","","","","","","","https://play.google.com/store/apps/details?id=com.careerfairplus.cf_plus","2026-05-21T13:49:41.295Z","google_play"
"com.softF.Vocacional","","android","","","","","","","","","","","https://play.google.com/store/apps/details?id=com.softF.Vocacional","2026-05-21T13:49:41.295Z","google_play"
"school.com.cccisb608","","android","","","","","","","","","","","https://play.google.com/store/apps/details?id=school.com.cccisb608","2026-05-21T13:49:41.295Z","google_play"
"org.coursera.android","","android","","","","","","","","","","","https://play.google.com/store/apps/details?id=org.coursera.android","2026-05-21T13:49:41.295Z","google_play"
"com.Beligte.FootballCareerSim","","android","","","","","","","","","","","https://play.google.com/store/apps/details?id=com.Beligte.FootballCareerSim","2026-05-21T13:49:41.295Z","google_play"
"com.careerai.app","","android","","","","","","","","","","","https://play.google.com/store/apps/details?id=com.careerai.app","2026-05-21T13:49:41.295Z","google_play"
"thecoachingmanual.tcm","","android","","","","","","","","","","","https://play.google.com/store/apps/details?id=thecoachingmanual.tcm","2026-05-21T13:49:41.295Z","google_play"
"com.glassdoor.app","","android","","","","","","","","","","","https://play.google.com/store/apps/details?id=com.glassdoor.app","2026-05-21T13:49:41.295Z","google_play"
"com.careerrocket.app","","android","","","","","","","","","","","https://play.google.com/store/apps/details?id=com.careerrocket.app","2026-05-21T13:49:41.295Z","google_play"
"com.realer.basketball2025","","android","","","","","","","","","","","https://play.google.com/store/apps/details?id=com.realer.basketball2025","2026-05-21T13:49:41.295Z","google_play"
"com.goodwill.procoaching.professional_coaching_online","","android","","","","","","","","","","","https://play.google.com/store/apps/details?id=com.goodwill.procoaching.professional_coaching_online","2026-05-21T13:49:41.295Z","google_play"
"com.aerilys.basketball.player.twentyfour","","android","","","","","","","","","","","https://play.google.com/store/apps/details?id=com.aerilys.basketball.player.twentyfour","2026-05-21T13:49:41.295Z","google_play"
"com.francepaulpastrana.vajosieapp","","android","","","","","","","","","","","https://play.google.com/store/apps/details?id=com.francepaulpastrana.vajosieapp","2026-05-21T13:49:41.295Z","google_play"
"co.robin.lqxuy","","android","","","","","","","","","","","https://play.google.com/store/apps/details?id=co.robin.lqxuy","2026-05-21T13:49:41.295Z","google_play"
"neuron.solutions.pk.careerguidance","","android","","","","","","","","","","","https://play.google.com/store/apps/details?id=neuron.solutions.pk.careerguidance","2026-05-21T13:49:41.295Z","google_play"
"AI career coach: Vera","Kasegu","ios","","Lifestyle","4.7","10","free","","","Feeling stuck in your career? Not sure which direction to go after a burnout, transition, or big life change?

  Vera is an AI career coach that uses Human Design to help you understand how you're uni","","","https://apps.apple.com/us/app/ai-career-coach-vera/id6748094016?uo=4","2026-05-21T13:49:40.574Z","app_store"
"Strawberry: 1:1 Coaching","Strawberry.me","ios","","Lifestyle","4.86989","269","free","","","Achieve your goals with a professional coach by your side.

Strawberry.me connects you with certified career and personal coaches who help you gain clarity, overcome challenges, and make real progress","","","https://apps.apple.com/us/app/strawberry-1-1-coaching/id6751657658?uo=4","2026-05-21T13:49:40.574Z","app_store"
"Career Compass AI Career Coach","Career Compass AI, LLC","ios","","Business","5","12","free","","","Find a New Job, Change Careers, Manage Stress or Grow Your Income with Career Compass AI - your personal career coach.

Like a strategic career coach in your pocket—Career Compass AI gives you persona","","","https://apps.apple.com/us/app/career-compass-ai-career-coach/id6670568018?uo=4","2026-05-21T13:49:40.574Z","app_store"
"Tes D Huffman Career Coaching","Tes D Huffman Career Coaching LLC.","ios","","Education","0","0","free","","","Features involve in v1:
- Persona analysis coaching on a one-to-one basis.
- Services for subscription-based interviews.
- A reading selection of engineering and product-focused materials from reputab","","","https://apps.apple.com/us/app/tes-d-huffman-career-coaching/id6741763219?uo=4","2026-05-21T13:49:40.574Z","app_store"
"careercoachr","George Yates","ios","","Productivity","5","1","free","","","Transform your career with CareerBuddy, the AI-powered career coach that turns your professional goals into actionable roadmaps. Whether you're looking to land your dream job, switch careers, or level","","","https://apps.apple.com/us/app/careercoachr/id6756392642?uo=4","2026-05-21T13:49:40.574Z","app_store"
"Handshake Jobs & New Careers","Stryder Corp.","ios","","Business","4.85142","123286","free","","","Handshake: Careers start here
Handshake is the #1 app for job seekers starting or restarting their careers. 
Whether you're figuring out what’s next or ready to apply, Handshake helps you find jobs an","","","https://apps.apple.com/us/app/handshake-jobs-new-careers/id1220620171?uo=4","2026-05-21T13:49:40.574Z","app_store"
"LetsWorkPRO Career Coaching","CitiLife Development, LLC","ios","","Business","0","0","free","","","LetsWorkPRO is the career coaching app built for hospitality and customer-service professionals who want to level up with clarity, confidence, and practical support. Whether you're preparing for inter","","","https://apps.apple.com/us/app/letsworkpro-career-coaching/id6755689324?uo=4","2026-05-21T13:49:40.574Z","app_store"
"StupidFish: Career Discovery","StupidFish LLC","ios","","Education","4.58333","12","free","","","The cure for career confusion.
StupidFish is your personal career coach — designed to help you figure out what’s next, get actionable advice, and build your dream career. 

Get personalized career gui","","","https://apps.apple.com/us/app/stupidfish-career-discovery/id6760776878?uo=4","2026-05-21T13:49:40.574Z","app_store"
"RiseSmart Coaching","RiseSmart, Inc.","ios","","Business","4.91667","12","free","","","Welcome to RiseSmart Coaching. Work with a dedicated coach in safe and confidential 1:1 video sessions to unleash your career possibilities. You can select the coach that suits you best... select the ","","","https://apps.apple.com/us/app/risesmart-coaching/id1622424763?uo=4","2026-05-21T13:49:40.574Z","app_store"
"LetsWork Career Coaching App","CitiLife Development, LLC","ios","","Business","0","0","free","","","For creative problem solvers, resourceful workers, and career-focused individuals who are all about personal growth! Use this tool to:
- Stay motivated to reach career goals
- Stay competitive in toda","","","https://apps.apple.com/us/app/letswork-career-coaching-app/id6469621819?uo=4","2026-05-21T13:49:40.574Z","app_store"
"CareerCoach - Get a Career","Coding Minds, Inc.","ios","","Education","5","2","free","","","Are you looking for a job or trying to enhance your career? Use our app CareerCoach to find your calling:

- CareerCoach contains a survey that will help you find the best possible career fit customiz","","","https://apps.apple.com/us/app/careercoach-get-a-career/id6575352614?uo=4","2026-05-21T13:49:40.574Z","app_store"
"Consulting Career Accelerator","Michael Hendrix Performance Coach LLC","ios","","Education","5","1","free","","","Consulting Career Accelerator (CCA):

Helping IT & Business Consulting professionals, just like you, who may be facing burnout and/or frustration from the high pressure consulting lifestyle and who ar","","","https://apps.apple.com/us/app/consulting-career-accelerator/id6701995895?uo=4","2026-05-21T13:49:40.574Z","app_store"
"IMPRESSO - Career Coach","Xobaedi Sarl","ios","","Education","0","0","free","","","IMPRESSO is a career coaching app. Impresso App is for teens, students, and early graduates who need help choosing majors, finding internships, and starting real careers.

Meet Lucy, your AI career co","","","https://apps.apple.com/us/app/impresso-career-coach/id6483925398?uo=4","2026-05-21T13:49:40.574Z","app_store"
"Skillest: #1 Sports Coaching","2BA PTY LTD","ios","","Sports","4.92189","2663","free","","","Skillest helps you learn sports and train the modern way.

Athletes of all skill levels from beginners to professionals trust Skillest. Skillest has the best coaches in the world across many sports in","","","https://apps.apple.com/us/app/skillest-1-sports-coaching/id1054851741?uo=4","2026-05-21T13:49:40.574Z","app_store"
"Blomma","Coach Bloom","ios","","Business","5","17","free","","","Blomma is your AI career coach for building confidence, making better career decisions, and getting personalized support for career growth. Get personalized and private coaching, practical guidance, t","","","https://apps.apple.com/us/app/blomma/id6759347683?uo=4","2026-05-21T13:49:40.574Z","app_store"
"Coach Me Up!","Mateusz Siatrak","ios","","Lifestyle","4","1","free","","","Coach Me Up! is the ultimate career development tool designed to help job seekers at every stage of their career journey. Our AI-enhanced career coach offers a comprehensive solution that provides unp","","","https://apps.apple.com/us/app/coach-me-up/id6446685068?uo=4","2026-05-21T13:49:40.574Z","app_store"
"Path AI - Career Coach","Alioune Ndiaye","ios","","Education","4.33333","6","free","","","Path - AI Career, Skills & Learning Advisor 

Path helps you discover your ideal career path through AI-powered career path guidance and transforms learning into action. Your AI voice advisor helps yo","","","https://apps.apple.com/us/app/path-ai-career-coach/id6755054256?uo=4","2026-05-21T13:49:40.574Z","app_store"
"BRAYN: Grow your career","Shellmond LTD","ios","","Education","4.5","8","free","","","BRAYN is an AI-powered growth system designed to help you grow in work, career, and real-life situations with more clarity and less noise.

Use BRAYN to:

- build career and future-ready skills
- prac","","","https://apps.apple.com/us/app/brayn-grow-your-career/id1670318954?uo=4","2026-05-21T13:49:40.574Z","app_store"
"Mastery: Career & Life Coach","Mastery Tech, Inc.","ios","","Productivity","5","6","free","","","Don't just read bestsellers.
Get coached by them.
Mastery is your AI-powered growth coach that rewrites the best ideas from top books into bite-sized, personalized lessons — built around your goals, p","","","https://apps.apple.com/us/app/mastery-career-life-coach/id6739229396?uo=4","2026-05-21T13:49:40.574Z","app_store"
"Apex: Career Coach","PetRhino LLC","ios","","Productivity","0","0","free","","","Take control of your career with Apex, your daily edge for professional growth.

Whether you’re aiming for your next promotion, a higher salary, or a complete career move, Apex helps you build the ski","","","https://apps.apple.com/us/app/apex-career-coach/id6758534458?uo=4","2026-05-21T13:49:40.574Z","app_store"
"CareerCoach AI","Liam Galbraith","ios","","Business","5","3","free","","","Transform Your Career with AI-Powered Guidance

CareerCoach AI is your personal career advisor, powered by advanced AI to help you land your dream job, negotiate better salaries, and advance your care","","","https://apps.apple.com/us/app/careercoach-ai/id6755663153?uo=4","2026-05-21T13:49:40.574Z","app_store"
"Catoo: Career Mentor","Avetis Solutions LLC","ios","","Education","5","5","free","","","Catoo is an on-demand career mentor app that is changing the way careers are built. Catoo connects professionals and students entering the job market with mentors to achieve career growth, accelerate ","","","https://apps.apple.com/us/app/catoo-career-mentor/id1567950530?uo=4","2026-05-21T13:49:40.574Z","app_store"
"Bloom Coaching","Bloom App LTD","ios","","Business","5","3","free","","","Unlock your full potential - with coaching designed for real impact.
Bloom is your career co-pilot: expert coaching, smart insights, and inspiration from world-class mentors - all in one powerful app ","","","https://apps.apple.com/us/app/bloom-coaching/id1664825811?uo=4","2026-05-21T13:49:40.574Z","app_store"
"Astonishing Basketball Manager","Studio Zero Incorporated","ios","","Games","4.72211","4527","free","","","Astonishing Basketball is the ultimate basketball manager game. Become the manager of your own basketball team and lead your players to the ultimate reward: becoming the best coach and winning the Bas","","","https://apps.apple.com/us/app/astonishing-basketball-manager/id1589313811?uo=4","2026-05-21T13:49:40.574Z","app_store"
"Footballer Career","Muhammet Furkan Emanet","ios","","Games","5","2","free","","","Football Game Features

Build your football career from the first match to the biggest trophies!

Footballer Career is a football career simulator where you can start as a young player, improve your p","","","https://apps.apple.com/us/app/footballer-career/id6767044929?uo=4","2026-05-21T13:49:40.574Z","app_store"
"AffiCoach - AI Career Coach","Shamil Kuramshin","ios","","Education","3.66667","3","free","","","Welcome to AffiCoach, your AI-powered virtual coaching app designed specifically to improve women's careers and enhance your wellbeing. Whether you aim to advance professionally or achieve personal gr","","","https://apps.apple.com/us/app/afficoach-ai-career-coach/id6466091297?uo=4","2026-05-21T13:49:40.574Z","app_store"
"dilly: Career Readiness","Dilan Kochhar","ios","","Education","5","1","free","","","Dilly learns who you are and helps you get hired.
Upload your resume or just start talking. Dilly builds a profile of your skills, experiences, and goals, then uses it to match you to real jobs, build","","","https://apps.apple.com/us/app/dilly-career-readiness/id6761450103?uo=4","2026-05-21T13:49:40.574Z","app_store"
"Pro Basketball Sim","LOGAN TAYLOR RICH","ios","","Games","4.85074","201","free","","","The most in-depth basketball career simulation on the market!

Craft your playstyle in childhood, then mold your skills as you advance through high school, college, and professional basketball leagues","","","https://apps.apple.com/us/app/pro-basketball-sim/id6758567890?uo=4","2026-05-21T13:49:40.574Z","app_store"
"RiseSmart - Career Development","RiseSmart, Inc.","ios","","Business","5","6","free","","","Achieving your career aspirations has never been easier. Manage your career development on the go with the Randstad RiseSmart mobile app. 

Log in to access your career track with step-by-step activit","","","https://apps.apple.com/us/app/risesmart-career-development/id1469667821?uo=4","2026-05-21T13:49:40.574Z","app_store"
"66 Days Prep: Career Tracker","Uru Technologies, LLC","ios","","Education","4.86385","213","free","","","66 Days Prep is an AI-powered career preparation platform designed to help candidates master interviews for banking and consulting roles through structured, daily progress.

The app combines personali","","","https://apps.apple.com/us/app/66-days-prep-career-tracker/id6752681422?uo=4","2026-05-21T13:49:40.574Z","app_store"
"EZRA Сoaching","Lee Hecht Harrison","ios","","Education","5","15","free","","","Using the EZRA app you’ll be able to schedule convenient time slots that work for you and meet your coach right there in the app using a high quality video connection. You choose your coach, your time","","","https://apps.apple.com/us/app/ezra-%D1%81oaching/id1451727491?uo=4","2026-05-21T13:49:40.574Z","app_store"
"Vetted: Career Intelligence","GEORGE DANIEL WEST-PERRY","ios","","Productivity","5","4","free","","","Score every role against what you actually care about.
Vetted uses AI to generate a personalized Vetted Quotient (VQ) score for every opportunity you evaluate. Built for senior professionals and execu","","","https://apps.apple.com/us/app/vetted-career-intelligence/id6761249955?uo=4","2026-05-21T13:49:40.574Z","app_store"
"Stedii - Career Clarity Coach","Alban, Herve, Lucien PASCAL","ios","","Education","5","1","free","","","Feeling lost about your future? Too many options, too much pressure, and no clear path? You’re not alone.

Stedii is your personal career clarity coach. We help Gen Z students and young professionals ","","","https://apps.apple.com/us/app/stedii-career-clarity-coach/id6752326608?uo=4","2026-05-21T13:49:40.574Z","app_store"
"Randstad RiseSmart","RiseSmart, Inc.","ios","","Business","4.71479","568","free","","","Finding your next job has never been easier. Continue your job search on the go with Randstad RiseSmart mobile app. Log in to view and save jobs, discover new contacts, message your coach, and stay co","","","https://apps.apple.com/us/app/randstad-risesmart/id1027574302?uo=4","2026-05-21T13:49:40.574Z","app_store"
"Josie AI: VA Career Coach","France Pastrana","ios","","Education","4.69697","33","free","","","START WORKING FROM HOME AS A VA AND LEARN AI SKILLS!

So you want to work from home as a Virtual Assistant and learn AI skills to stand out?

Josie AI is built to help you start your online work journ","","","https://apps.apple.com/us/app/josie-ai-va-career-coach/id6753702430?uo=4","2026-05-21T13:49:40.574Z","app_store"
"Pivot Go","Ivan Schutz","ios","","Productivity","0","0","free","","","Transform Your Career Change Into Strategic Success

Whether you're stuck in the wrong career, exploring new directions, or seeking what's missing: Pivot turns uncertainty into a clear, personalized a","","","https://apps.apple.com/us/app/pivot-go/id6749779734?uo=4","2026-05-21T13:49:40.574Z","app_store"
"Workerbee Career Companion","Workerbee for Talent","ios","","Business","5","1","free","","","Hi, I’m Workerbee. I’m your personal AI career companion. I help you grow, capture your real impact, and get hired with confidence. 

I learn who you are over time — your strengths, your work patterns","","","https://apps.apple.com/us/app/workerbee-career-companion/id6753840072?uo=4","2026-05-21T13:49:40.574Z","app_store"
"Careerology","Careerology LLC","ios","","Education","5","7","free","","","Careerology is the platform for those who want to achieve great results in their careers. With classes and lessons from professional career coaches, resume writers, and business experts, Careerology g","","","https://apps.apple.com/us/app/careerology/id6450671968?uo=4","2026-05-21T13:49:40.574Z","app_store"
"E-Suite: Career Elevation","Quantasy, LLC","ios","","Lifestyle","0","0","free","","","The E-Suite platform is a mobile experience that offers a robust suite of professional development services and resources that range from direct one-on-one coaching to elevate your career to curated a","","","https://apps.apple.com/us/app/e-suite-career-elevation/id1616553214?uo=4","2026-05-21T13:49:40.574Z","app_store"
"Career Match by JKEC","Astra Applications","ios","","Education","5","1","free","","","Unlock your potential and embark on a journey to your dream career with Career Match, the innovative app from the J. Kruse Education Center (JKEC). Whether you're a student seeking direction or a stak","","","https://apps.apple.com/us/app/career-match-by-jkec/id6479643541?uo=4","2026-05-21T13:49:40.574Z","app_store"
"com.coloreight.yourcoach","","android","","","","","","","","","","","https://play.google.com/store/apps/details?id=com.coloreight.yourcoach","2026-05-21T13:49:41.784Z","google_play"
"com.fitbit.FitbitMobile","","android","","","","","","","","","","","https://play.google.com/store/apps/details?id=com.fitbit.FitbitMobile","2026-05-21T13:49:41.784Z","google_play"
"io.harbiz.healthcoach","","android","","","","","","","","","","","https://play.google.com/store/apps/details?id=io.harbiz.healthcoach","2026-05-21T13:49:41.784Z","google_play"
"com.acts.FormAssist","","android","","","","","","","","","","","https://play.google.com/store/apps/details?id=com.acts.FormAssist","2026-05-21T13:49:41.784Z","google_play"
"com.healthyhold.healthpulse","","android","","","","","","","","","","","https://play.google.com/store/apps/details?id=com.healthyhold.healthpulse","2026-05-21T13:49:41.784Z","google_play"
"health.onvy","","android","","","","","","","","","","","https://play.google.com/store/apps/details?id=health.onvy","2026-05-21T13:49:41.784Z","google_play"
"com.google.android.apps.fitness","","android","","","","","","","","","","","https://play.google.com/store/apps/details?id=com.google.android.apps.fitness","2026-05-21T13:49:41.784Z","google_play"
"life.simple","","android","","","","","","","","","","","https://play.google.com/store/apps/details?id=life.simple","2026-05-21T13:49:41.784Z","google_play"
"application.fit.android","","android","","","","","","","","","","","https://play.google.com/store/apps/details?id=application.fit.android","2026-05-21T13:49:41.784Z","google_play"
"BetterMe: Health Coaching","BetterMe Limited","ios","","Health & Fitness","4.66563","705839","free","","","Get workout and meal plans supported by human coaches, track your progress, and get bite-sized cognitive therapy tips to change your mindset.

FIVE REASONS TO INSTALL BetterMe:

1. Plan tailored to yo","","","https://apps.apple.com/us/app/betterme-health-coaching/id1264546236?uo=4","2026-05-21T13:49:41.365Z","app_store"
"Vida Health","Vida Health Inc","ios","","Health & Fitness","4.67078","12311","free","","","Available to members of participating employers and health insurance plans

Change is hard. Having the right team and the right tools makes it easier. Whether you want to lose weight, better manage di","","","https://apps.apple.com/us/app/vida-health/id917397071?uo=4","2026-05-21T13:49:41.365Z","app_store"
"Rally Coach™","Rally Health, Inc.","ios","","Health & Fitness","4.9088","74591","free","","","Take small steps toward big health improvements with the Rally Coach™ app. Our app has programs for weight loss, quitting tobacco, diabetes prevention, diabetes management, and wellness coaching.*
 
R","","","https://apps.apple.com/us/app/rally-coach/id1358900846?uo=4","2026-05-21T13:49:41.365Z","app_store"
"Home Fitness Coach: FitCoach","WELLTECH APPS LIMITED","ios","","Health & Fitness","4.69048","65224","free","","","FitCoach - a fitness app for those who want to start a new active lifestyle, build healthy habits, lose weight, get fit, tone up, and feel amazing.

FEATURES:
► Personal training plans
► Step tracker
","","","https://apps.apple.com/us/app/home-fitness-coach-fitcoach/id1438092960?uo=4","2026-05-21T13:49:41.365Z","app_store"
"Ornament: Your Health Coach","Ornament Health AG","ios","","Health & Fitness","4.74864","2964","free","","","Ornament helps you make sense of your lab results, see how food and lifestyle affect your health and body, and take action with personalized insights and plans — all in one place.

Whether you want to","","","https://apps.apple.com/us/app/ornament-your-health-coach/id1453537030?uo=4","2026-05-21T13:49:41.365Z","app_store"
"Fitness Coach - Workout Plan","Luni","ios","","Health & Fitness","4.47505","73118","free","","","Follow programs adapted to your goals directly via your iPhone or iPad.
Whether at home, at the gym, or outdoors, stay in shape with Fitness Coach!

- Choose your GOAL and we make you a program accord","","","https://apps.apple.com/us/app/fitness-coach-workout-plan/id1472638797?uo=4","2026-05-21T13:49:41.365Z","app_store"
"Wellness Coach","Meditation.LIVE inc","ios","","Health & Fitness","4.84211","4560","free","","","Wellness Coach is a global wellness platform that inspires and engages workforces through personalized wellness offerings. We offer Challenges, Coaching, Rewards, Next Generation EAP, and Weight Manag","","","https://apps.apple.com/us/app/wellness-coach/id1434811112?uo=4","2026-05-21T13:49:41.365Z","app_store"
"The Coach: Mens Health & Kegel","VAM Apps Co.","ios","","Health & Fitness","4.73206","4807","free","","","The Coach is a personalized wellness app for men focused on improving physical strength, energy levels, and healthy daily habits.
Choose a program that fits your goals, learn from experienced men’s we","","","https://apps.apple.com/us/app/the-coach-mens-health-kegel/id1497286047?uo=4","2026-05-21T13:49:41.365Z","app_store"
"Tailored Health Coaching","Tailored Health and Fitness","ios","","Health & Fitness","4.9375","32","free","","","Begin your journey to a healthier lifestyle and let the Tailored Health and Fitness App help you along the way. Introducing Tailored Health and Fitness, the most comprehensive fitness platform with:

","","","https://apps.apple.com/us/app/tailored-health-coaching/id1466933479?uo=4","2026-05-21T13:49:41.365Z","app_store"
"Unlimitr: Health Coaching & AI","Health Click Away","ios","","Health & Fitness","4.69231","13","free","","","Personalized Diet, Wellness & Fitness Coaching—Powered by AI

Tired of complicated diets, confusing workouts, and low motivation?
Unlimitr (formerly Health Click Away) makes wellness simple, personal,","","","https://apps.apple.com/us/app/unlimitr-health-coaching-ai/id1492226099?uo=4","2026-05-21T13:49:41.365Z","app_store"
"Lumen - Metabolic Coach","Metaflow","ios","","Health & Fitness","4.59971","6518","free","","","Do you want to take control of your metabolism, lose weight, and live a healthier lifestyle?
With Lumen’s personalized metabolic coach, you can!  

Lumen is the world’s first device to measure whether","","","https://apps.apple.com/us/app/lumen-metabolic-coach/id1395149502?uo=4","2026-05-21T13:49:41.365Z","app_store"
"Bevel: AI Health Coach","Finerpoint, Inc","ios","","Health & Fitness","4.84029","9442","free","","","Bevel is the #1 app for improving your health, performance, and longevity, trusted by hundreds of thousands and backed by science.

From sleep and recovery to stress and strength training, Bevel trans","","","https://apps.apple.com/us/app/bevel-ai-health-coach/id6456176249?uo=4","2026-05-21T13:49:41.365Z","app_store"
"Noom Weight Loss, Food Tracker","Noom, Inc.","ios","","Health & Fitness","4.69568","864731","free","","","Build healthy habits that last with Noom.

Noom helps you eat better, move more, and feel more in control of your health – without the pressure or guilt.

Track steps. Log meals with AI. Scan your fac","","","https://apps.apple.com/us/app/noom-weight-loss-food-tracker/id634598719?uo=4","2026-05-21T13:49:41.365Z","app_store"
"HUMANITY - AI Health Coach","Humanity Incorporated","ios","","Health & Fitness","4.76637","3039","free","","","Humanity AI Health app harnesses generative AI trained on real world health data and is the #1 app for increasing your health, healthspan, and longevity (adding years of healthy life). Join over 200 t","","","https://apps.apple.com/us/app/humanity-ai-health-coach/id1519091344?uo=4","2026-05-21T13:49:41.365Z","app_store"
"Health Coach-Fit&Heart Health","Talenico","ios","","Lifestyle","4.53153","2410","free","","","MORE THAN YOUR HEART HEALTH MONITOR.
Looking for a reliable health companion to track your heart condition and overall well-being? With Health Coach, you can easily record health data and get personal","","","https://apps.apple.com/us/app/health-coach-fit-heart-health/id6446849696?uo=4","2026-05-21T13:49:41.365Z","app_store"
"Lark Health","LARK","ios","","Health & Fitness","4.31967","7880","free","","","Health looks different for everyone, which is why Lark offers unique programs designed to target your individual health goals. Whether you want to build healthy habits to lose weight, get help prevent","","","https://apps.apple.com/us/app/lark-health/id912530754?uo=4","2026-05-21T13:49:41.365Z","app_store"
"Carbon - Macro Coach & Tracker","Reform LLC","ios","","Health & Fitness","4.82476","7812","free","","","Carbon Diet Coach is your nutrition solution for results that LAST. Whether your goal is to lose fat, build muscle, improve your metabolism, or simply maintain your weight, Carbon Diet Coach removes t","","","https://apps.apple.com/us/app/carbon-macro-coach-tracker/id1437820611?uo=4","2026-05-21T13:49:41.365Z","app_store"
"Rx Your Health Coaching","Hannah Gilmore","ios","","Health & Fitness","0","0","free","","","Rx Your Health Coaching app subscription provides personalized nutrition goals, programming for 2-3 x per week strength training, and supplement recommendations. In app workout tracking, nutrition tra","","","https://apps.apple.com/us/app/rx-your-health-coaching/id6742751132?uo=4","2026-05-21T13:49:41.365Z","app_store"
"Foresight Health Coaching","Foresight Health Coaching LLC","ios","","Health & Fitness","5","8","free","","","The Foresight Health Coaching app is designed for clients of trainers who have enrolled in the Foresight Health Coaching program. The app will send push notifications and prompt clients to answer yes/","","","https://apps.apple.com/us/app/foresight-health-coaching/id6478813655?uo=4","2026-05-21T13:49:41.365Z","app_store"
"RP Diet Coach & Planner","RP Strength, LLC","ios","","Health & Fitness","4.41753","11805","free","","","Plan your meals, track calories and macros, and reach your goals with the RP Diet Coach App, designed by Dr. Mike Israetel!

The RP Diet Coach App is built by PhDs, IFBB Pros, Registered Dietitians, a","","","https://apps.apple.com/us/app/rp-diet-coach-planner/id1330041267?uo=4","2026-05-21T13:49:41.365Z","app_store"
"Well Me Right: Health Coaching","Well Me Right","ios","","Health & Fitness","4.5","2","free","","","Book the world’s leading wellness experts & get advice over a video call. Meet with vetted experts in diet, nutrition, supplements, beauty, fitness, mindfulness, and more for 1:1 virtual coaching & su","","","https://apps.apple.com/us/app/well-me-right-health-coaching/id6446788295?uo=4","2026-05-21T13:49:41.365Z","app_store"
"FitFlow: Health Coaching","Vitalcore USA Inc","ios","","Health & Fitness","3.49483","774","free","","","Hi! Welcome to FitFlow: Health Coaching, where we're excited to elevate your fitness journey to new heights. With our dynamic workout plans, milestone challenges, and a strong emphasis on personal dev","","","https://apps.apple.com/us/app/fitflow-health-coaching/id6480175382?uo=4","2026-05-21T13:49:41.365Z","app_store"
"Disha: AI Health Coach","CURELINK PRIVATE LIMITED","ios","","Health & Fitness","5","22","free","","","Struggling with PCOS, weight loss, thyroid or any other chronic conditions?
Feeling lost in a sea of conflicting health advice?

Meet Disha — India’s First AI Health Coach, built to guide, support, an","","","https://apps.apple.com/us/app/disha-ai-health-coach/id6747983763?uo=4","2026-05-21T13:49:41.365Z","app_store"
"A-LIST: AI Health Coach","Immortal Company","ios","","Health & Fitness","5","18","free","","","A-LIST is an AI health coach that helps you always know what to do next.

Log food, calories, macros, water, workouts, supplements, habits, cycle patterns, and more in one connected app. A-LIST turns ","","","https://apps.apple.com/us/app/a-list-ai-health-coach/id6748158393?uo=4","2026-05-21T13:49:41.365Z","app_store"
"Athlytic: AI Fitness Coach","MyndArc, LLC","ios","","Health & Fitness","4.7919","10341","free","","","Athlytic takes all the data that your Apple Watch collects and translates it into actionable insights. 

RECOVERY:  We analyze your heart rate variability and resting heart rate to calculate how recov","","","https://apps.apple.com/us/app/athlytic-ai-fitness-coach/id1543571755?uo=4","2026-05-21T13:49:41.365Z","app_store"
"MDLIVE Health Coaching","WellDoc, Inc.","ios","","Health & Fitness","3.60714","28","free","","","It's easier to manage your physical and mental health when you have help. The MDLIVE Health Coaching app supports you in achieving your health goals and is available exclusively to patients assigned b","","","https://apps.apple.com/us/app/mdlive-health-coaching/id6463476013?uo=4","2026-05-21T13:49:41.365Z","app_store"
"WeightWatchers Program","WW International, Inc.","ios","","Health & Fitness","4.83941","2345851","free","","","The #1 Doctor-Recommended Weight Loss Program†

Get a science-backed weight loss tracker and diet plan tailored to your body. Whether you want to lose weight, maintain, or manage weight loss medicatio","","","https://apps.apple.com/us/app/weightwatchers-program/id331308914?uo=4","2026-05-21T13:49:41.365Z","app_store"
"Odyssey Health Coaching","Odyssey Health LLC","ios","","Health & Fitness","0","0","free","","","Odyssey Coaching: Your Companion on the Journey to Personal Transformation
Welcome to Odyssey Coaching, where your path to personal growth and fulfillment begins. We believe that every individual has ","","","https://apps.apple.com/us/app/odyssey-health-coaching/id6508175241?uo=4","2026-05-21T13:49:41.365Z","app_store"
"Coco: Health Coach & Tracker","Forty Steps Inc.","ios","","Health & Fitness","4.84999","40","free","","","Coco connects your sleep, activity, labs, medical records, and daily check-ins — and helps you understand what’s changing and what to do next. It keeps context over time, so you don’t have to repeat y","","","https://apps.apple.com/us/app/coco-health-coach-tracker/id6753950054?uo=4","2026-05-21T13:49:41.365Z","app_store"
"Daily Burn: Workout Coach","Daily Burn, Inc","ios","","Health & Fitness","4.75506","14228","free","","","Daily Burn is the at-home workout app with Daily Burn Coaching—so you always know what to do next.
 
DAILY BURN COACHING (1:1 SUPPORT)
Get more than workouts. Get guidance.
·   	A personalized plan bu","","","https://apps.apple.com/us/app/daily-burn-workout-coach/id472322122?uo=4","2026-05-21T13:49:41.365Z","app_store"
"Studio: Coaching Apps","Openmind Learning, Inc","ios","","Education","4.67769","121","free","","","Get personalized coaching from the world's best & change your life.

Studio is the only app you need to achieve your goals—whether you're training for a half-marathon, learning philosophy, reaching yo","","","https://apps.apple.com/us/app/studio-coaching-apps/id6745275333?uo=4","2026-05-21T13:49:41.365Z","app_store"
"IVY Wellness Coach","String Health, Inc.","ios","","Health & Fitness","3.92978","413","free","","","- Women’s Health App with Private Key Encryption 
- Featured in Vogue, Forbes, Poosh, Elle, Cosmopolitan, Insider & more

IVY Wellness Coach regularly updates content for women's health guidance. Pers","","","https://apps.apple.com/us/app/ivy-wellness-coach/id1005052173?uo=4","2026-05-21T13:49:41.365Z","app_store"
"Rooted Coaching","Rooted Coaching, LLC","ios","","Health & Fitness","5","4","free","","","Rooted Coaching is your all-in-one fitness, nutrition, and lifestyle coaching app, designed to guide you through sustainable transformation with expert support and proven systems.
Built for clients an","","","https://apps.apple.com/us/app/rooted-coaching/id6749138425?uo=4","2026-05-21T13:49:41.365Z","app_store"
"Tailored Coaching Method","Tailored Coaching Method LLC","ios","","Health & Fitness","5","9","free","","","At Tailored Coaching Method, it’s our mission to provide world-class coaching by using our science-backed systems and personal 1-on-1 accountability, which guarantees our clients achieve the results t","","","https://apps.apple.com/us/app/tailored-coaching-method/id6754699180?uo=4","2026-05-21T13:49:41.365Z","app_store"
"Nutrition Coach: Food tracker","Eclipse Studios","ios","","Health & Fitness","4.79573","87667","free","","","Effortless calories counter, customized meals plan, and delicious recipes. Loose or gain weight in a sustainable way to achieve your objective.

Nutrition Coach is the result of 3 years of work by a t","","","https://apps.apple.com/us/app/nutrition-coach-food-tracker/id1539625670?uo=4","2026-05-21T13:49:41.365Z","app_store"
"Fit Radio: Train Inspired","Social Study Media, LLC.","ios","","Music","4.84072","41674","free","","","WHY MUSIC MATTERS: Music isn’t just background noise — it’s a performance enhancer.

The right playlist can motivate your members, boost your energy, and transform any workout from routine to powerful","","","https://apps.apple.com/us/app/fit-radio-train-inspired/id440844625?uo=4","2026-05-21T13:49:41.365Z","app_store"
"HealthCoach+","NL Labs, LLC","ios","","Health & Fitness","5","14","free","","","Health Coach helps you achieve your health goals through personalized coaching powered by your data. Connect Apple Health and add the information that matters to you, and Health Coach turns it into ta","","","https://apps.apple.com/us/app/healthcoach/id6757766001?uo=4","2026-05-21T13:49:41.365Z","app_store"
"Joggo - Run Tracker & Coach","JOGGO UAB","ios","","Health & Fitness","4.42506","5331","free","","","Joggo is a running app for beginners and experienced runners — built for outdoor runs, treadmill training, and everything in between. With a personalized running program, custom meal plan, and a conve","","","https://apps.apple.com/us/app/joggo-run-tracker-coach/id1558434982?uo=4","2026-05-21T13:49:41.365Z","app_store"
"TriCore Online Coaching","Tricore","ios","","Health & Fitness","5","9","free","","","TriCore Wellness is a wellness management company that specializes in Online Training and Personalized Health Coaching.
 
We are focused around the integration of technology, health data, and professi","","","https://apps.apple.com/us/app/tricore-online-coaching/id1484674588?uo=4","2026-05-21T13:49:41.365Z","app_store"
"Avida: 1-on-1 Fitness Coach","Scout Invest Inc.","ios","","Health & Fitness","4.65211","664","free","","","Avida is built to help you build a real relationship with an elite fitness coach. Your coach will work with you to build a personalized program, communicate with you daily to make sure you stay on top","","","https://apps.apple.com/us/app/avida-1-on-1-fitness-coach/id1530836571?uo=4","2026-05-21T13:49:41.365Z","app_store"
"Fitness App (ABC Trainerize)","Trainerize.com","ios","","Health & Fitness","4.90411","63784","free","","","The #1 coaching app to better engage your clients. Take your coaching online and deliver an experience like nothing your clients have ever seen before. With fitness, nutrition, and habit-coaching feat","","","https://apps.apple.com/us/app/fitness-app-abc-trainerize/id516851502?uo=4","2026-05-21T13:49:41.365Z","app_store"
"Meridian - Coaching","TATE AARON GREENFIELD","ios","","Health & Fitness","5","2","free","","","Meridian - Your Entire Coaching Protocol

Training, nutrition, bloodwork, biometrics, messaging, and accountability in one app.

Built for clients working 1-on-1 with their coach. Not a self-guided fi","","","https://apps.apple.com/us/app/meridian-coaching/id6760389927?uo=4","2026-05-21T13:49:41.365Z","app_store"
"CBT-i Coach","US Department of Veterans Affairs (VA)","ios","","Health & Fitness","4.60124","10525","free","","","CBT-i Coach is for people who are engaged in Cognitive Behavioral Therapy for Insomnia with a health provider, or who have experienced symptoms of insomnia and would like to improve their sleep habits","","","https://apps.apple.com/us/app/cbt-i-coach/id655918660?uo=4","2026-05-21T13:49:41.365Z","app_store"
"Foodimus Health Coaching","Foodimus BV","ios","","Health & Fitness","0","0","free","","","Introducing Foodimus: Your All-in-One Health Companion

Foodimus is a revolutionary app designed to empower individuals toward a healthier and more fulfilling lifestyle. Whether you're looking to impr","","","https://apps.apple.com/us/app/foodimus-health-coaching/id6450718485?uo=4","2026-05-21T13:49:41.365Z","app_store"
"com.solodevop.pingback","","android","","","","","","","","","","","https://play.google.com/store/apps/details?id=com.solodevop.pingback","2026-05-21T13:49:42.385Z","google_play"
"com.liftworldwide.lift","","android","","","","","","","","","","","https://play.google.com/store/apps/details?id=com.liftworldwide.lift","2026-05-21T13:49:42.385Z","google_play"
"com.goalswon.accountability.coach.android","","android","","","","","","","","","","","https://play.google.com/store/apps/details?id=com.goalswon.accountability.coach.android","2026-05-21T13:49:42.385Z","google_play"
"ai.turbolearn","","android","","","","","","","","","","","https://play.google.com/store/apps/details?id=ai.turbolearn","2026-05-21T13:49:42.385Z","google_play"
"com.superproductivity.superproductivity","","android","","","","","","","","","","","https://play.google.com/store/apps/details?id=com.superproductivity.superproductivity","2026-05-21T13:49:42.385Z","google_play"
"com.zilapps.productivitywizard","","android","","","","","","","","","","","https://play.google.com/store/apps/details?id=com.zilapps.productivitywizard","2026-05-21T13:49:42.385Z","google_play"
"com.wlxd.pomochallenge","","android","","","","","","","","","","","https://play.google.com/store/apps/details?id=com.wlxd.pomochallenge","2026-05-21T13:49:42.385Z","google_play"
"com.blazc.beproductive","","android","","","","","","","","","","","https://play.google.com/store/apps/details?id=com.blazc.beproductive","2026-05-21T13:49:42.385Z","google_play"
"cc.forestapp","","android","","","","","","","","","","","https://play.google.com/store/apps/details?id=cc.forestapp","2026-05-21T13:49:42.385Z","google_play"
"tech.butterfly.app","","android","","","","","","","","","","","https://play.google.com/store/apps/details?id=tech.butterfly.app","2026-05-21T13:49:42.385Z","google_play"
"com.nexuspointlabs.zamankocum","","android","","","","","","","","","","","https://play.google.com/store/apps/details?id=com.nexuspointlabs.zamankocum","2026-05-21T13:49:42.385Z","google_play"
"com.shub39.grit","","android","","","","","","","","","","","https://play.google.com/store/apps/details?id=com.shub39.grit","2026-05-21T13:49:42.385Z","google_play"